lr-AdamW,step,val_loss,epoch,train_loss
0.001,0,,,
,23,1.3049681186676025,0,
0.001,24,,,
,47,1.2277319431304932,1,
0.001,48,,,
,49,,2,1.208666443824768
,71,1.1650874614715576,2,
0.001,72,,,
,95,1.0970810651779175,3,
0.001,96,,,
,99,,4,1.1388428211212158
,119,1.0244464874267578,4,
